N1,OP,N2,E,R
1.000000 + 1.000000 = 2.000000
1.000000 + 2.000000 = 3.000000
4.000000 ^ 3.000000 = 64.000000
1.000000 + 1.000000 = 2.000000
